{
    "tables": {
        "post_comment": {
            "tableName": "post_comment",
            "schema": {
                "comment_id": {
                    "allowNull": false,
                    "primaryKey": true,
                    "autoIncrement": true,
                    "field": "comment_id",
                    "seqType": "Sequelize.INTEGER.UNSIGNED"
                },
                "post_id": {
                    "allowNull": false,
                    "field": "post_id",
                    "seqType": "Sequelize.INTEGER"
                },
                "user_id": {
                    "allowNull": false,
                    "field": "user_id",
                    "seqType": "Sequelize.INTEGER"
                },
                "title": {
                    "allowNull": false,
                    "field": "title",
                    "seqType": "Sequelize.STRING(75)"
                },
                "createdAt": {
                    "allowNull": false,
                    "defaultValue": {
                        "internal": true,
                        "value": "Sequelize.Literal"
                    },
                    "field": "createdAt",
                    "seqType": "Sequelize.DATE"
                },
                "content": {
                    "allowNull": true,
                    "field": "content",
                    "seqType": "Sequelize.TEXT"
                },
                "updatedAt": {
                    "allowNull": false,
                    "field": "updatedAt",
                    "seqType": "Sequelize.DATE"
                }
            },
            "indexes": []
        },
        "users": {
            "tableName": "users",
            "schema": {
                "UserId": {
                    "allowNull": false,
                    "autoIncrement": true,
                    "primaryKey": true,
                    "field": "UserId",
                    "seqType": "Sequelize.INTEGER"
                },
                "FirstName": {
                    "field": "FirstName",
                    "seqType": "Sequelize.STRING"
                },
                "LastName": {
                    "field": "LastName",
                    "seqType": "Sequelize.STRING"
                },
                "Email": {
                    "unique": true,
                    "field": "Email",
                    "seqType": "Sequelize.STRING"
                },
                "Username": {
                    "unique": true,
                    "field": "Username",
                    "seqType": "Sequelize.STRING"
                },
                "Password": {
                    "field": "Password",
                    "seqType": "Sequelize.STRING"
                },
                "createdAt": {
                    "field": "createdAt",
                    "seqType": "Sequelize.DATE"
                },
                "updatedAt": {
                    "field": "updatedAt",
                    "seqType": "Sequelize.DATE"
                }
            },
            "indexes": []
        }
    },
    "revision": 3
}