{
    "tables": {
        "post": {
            "tableName": "post",
            "schema": {
                "post_id": {
                    "allowNull": false,
                    "primaryKey": true,
                    "autoIncrement": true,
                    "field": "post_id",
                    "seqType": "Sequelize.INTEGER.UNSIGNED"
                },
                "user_id": {
                    "allowNull": false,
                    "field": "user_id",
                    "seqType": "Sequelize.INTEGER"
                },
                "last_update": {
                    "allowNull": false,
                    "defaultValue": {
                        "internal": true,
                        "value": "Sequelize.Literal"
                    },
                    "field": "last_update",
                    "seqType": "Sequelize.DATE"
                },
                "createdAt": {
                    "allowNull": false,
                    "field": "createdAt",
                    "seqType": "Sequelize.DATE"
                },
                "updatedAt": {
                    "allowNull": false,
                    "field": "updatedAt",
                    "seqType": "Sequelize.DATE"
                }
            },
            "indexes": []
        },
        "post_comment": {
            "tableName": "post_comment",
            "schema": {
                "comment_id": {
                    "allowNull": false,
                    "primaryKey": true,
                    "autoIncrement": true,
                    "field": "comment_id",
                    "seqType": "Sequelize.INTEGER.UNSIGNED"
                },
                "post_id": {
                    "allowNull": false,
                    "field": "post_id",
                    "seqType": "Sequelize.INTEGER"
                },
                "user_id": {
                    "allowNull": false,
                    "field": "user_id",
                    "seqType": "Sequelize.INTEGER"
                },
                "title": {
                    "allowNull": false,
                    "field": "title",
                    "seqType": "Sequelize.STRING(75)"
                },
                "createdAt": {
                    "allowNull": false,
                    "defaultValue": {
                        "internal": true,
                        "value": "Sequelize.Literal"
                    },
                    "field": "createdAt",
                    "seqType": "Sequelize.DATE"
                },
                "content": {
                    "allowNull": true,
                    "field": "content",
                    "seqType": "Sequelize.TEXT"
                },
                "updatedAt": {
                    "allowNull": false,
                    "field": "updatedAt",
                    "seqType": "Sequelize.DATE"
                }
            },
            "indexes": []
        }
    },
    "revision": 2
}